id;hash;sender;reciepent;value;signature;timestamp;status
1;Kentucky;Gorgeous;Chips Wyoming;29433;needs-based Operations;2021-10-18T16:15:35;false
2;Estates invoice;Garden scale;Innovative SQL Checking;97190;Automotive;2021-10-18T10:14:16;true
3;Zimbabwe Licensed Cambridgeshire;e-tailers Technician navigating;high-level Industrial digital;68314;4th Licensed;2021-10-18T12:07:45;true
4;Pizza Facilitator;Mariana Ergonomic;port enable;81669;Bacon connecting;2021-10-18T09:19:12;true
5;plum monitor mindshare;compressing Maryland;connect Pizza multi-byte;43357;Carolina Networked mesh;2021-10-18T02:50:06;false
6;Architect holistic magenta;Indonesia;Lek Franc calculate;55739;Facilitator Berkshire;2021-10-18T03:18:13;true
7;calculate white Global;Alabama;Pakistan ADP;17382;Extension;2021-10-18T07:57:12;false
8;magnetic Operations;withdrawal Automotive;Islands;68975;Mexico;2021-10-18T17:45:51;true
9;Drive program;Global hard Sahara;object-oriented Rubber invoice;40355;Bedfordshire connecting B2C;2021-10-18T06:45:00;true
10;Outdoors Uruguayo;Administrator Concrete Health;Shirt cross-platform;95870;Montana web Personal;2021-10-18T06:12:33;false
